model,train_accuracy,validation_accuracy,test_accuracy,macro_f1,weighted_f1,macro_precision,macro_recall
Naive Bayes,0.6959488852637303,0.5854586981347545,0.5786602385181426,0.5311752392087336,0.5910299184074292,0.5269156320889558,0.6695982683493645
Logistic Regression,0.8645459488852637,0.7573911940109124,0.7617356001014971,0.732233038261419,0.7608890697992661,0.7144308691959002,0.7573690157690806
Linear SVM,0.9790918977705274,0.7485090724527345,0.7571682314133469,0.7318499973452427,0.7548031573268695,0.7413036184118857,0.7250045070842523
